skill,frequency
JavaScript,842
Python,547
Java,536
Git,519
SQL,477
CSS,468
HTML,468
Agile,467
MySQL,417
AWS,416
PHP,370
jQuery,347
Linux,312
Angular,298
React,292
iOS,278
Node.js,203
Docker,191
Jenkins,189
MongoDB,186
Machine Learning,186
Android,184
Django,176
CI/CD,174
Azure,174
Spring,162
Flutter,152
Swift,147
Scrum,145
Kubernetes,144
Bootstrap,137
Oracle,129
Go,123
Laravel,119
Unix,114
SOAP,109
Microservices,108
Ansible,102
PostgreSQL,92
Apache,85
Ruby,83
REST API,80
Jira,76
Redis,76
Kafka,73
LESS,73
TypeScript,69
Hadoop,67
C++,64
Redux,64
Firebase,63
Vue,60
Terraform,60
Bitbucket,55
Spark,55
GCP,55
TensorFlow,53
Deep Learning,51
Flask,50
SASS,49
Cassandra,48
Elasticsearch,47
C#,45
React Native,40
JUnit,40
Nginx,36
PyTorch,36
GitLab,35
Webpack,35
NLP,33
